id;Заголовок;Текст_заметки;Дата_изменения
1;Тестовый заголовок;Тестовое тело заметки;2023-02-11 16:02:24.033023
2;2;2;2023-02-11 16:29:27.878620
3;Приветливая;Привет привет;2023-02-12 09:42:47.184357
4;Заметка о заметке;Я такая классная заметка:);2023-02-12 12:54:23.01135
5;Конечное тестирование;Для конечного тестирования;2023-02-12 16:38:06.506019
6;ПОпытка номер 2;вторая попытка;2023-02-12 16:40:57.777266
7;Yjdjujlyzz;Ups;2023-02-12 16:42:49.854266
8;Покупки;Хлебушек;2023-02-12 16:43:43.679357
9;Проверка переноса строки;Есть перенос?;2023-02-12 16:49:32.663813
